{"name": "LCLS", "m_0": 0.000511, "d": 2.11, "l": 0.108, "energy": 0.135, "Twiss0": [1e-6, 1e-6, 1.11300768, 1.11253678, 0.06823545, 0.06691584], "rMat": [1, 2.11, 0, 1] }
