{"name": "LCLS",  "Lquad": 0.108, "energy": 135.0e6, "Twiss0": [1e-6, 1e-6, 1.11300768, 1.11253678, 0.06823545, 0.06691584], "rMatx": [1, 2.11, 0, 1], "rMaty": [1, 2.11, 0, 1] }
