{
  "name": "LCLS",
  "m_0": 0.000511,
  "d": 2.11,
  "l": 0.108,
  "energy": 0.135,
  "Twiss0": [
    1e-6,
    1e-6,
    1.11300768,
    1.11253678,
    0.06823545,
    0.06691584
  ],
  "rMatx": [
    1,
    2.11,
    0,
    1
  ],
  "rMaty": [
    1,
    2.11,
    0,
    1
  ],
  "wire1": {
    "location": 100,
    "rMatx": [
    1,
    0,
    0,
    1
  ],
    "rMaty": [
    1,
    0,
    0,
    1
  ]
  },
  "wire2": {
    "location": 100,
    "rMatx": [
    1,
    2,
    3,
    4
  ],
    "rMaty": [
    1,
    2,
    3,
    4
  ]
  },
    "wire3": {
    "location": 100,
    "rMatx": [
    1,
    2,
    3,
    4
  ],
    "rMaty": [
    1,
    2,
    3,
    4
  ]
  },
    "wire4": {
    "location": 100,
    "rMatx": [
    1,
    2,
    3,
    4
  ],
    "rMaty": [
    1,
    2,
    3,
    4
  ]
  }
}
