{"name": "LCLS2", "m_0": 0.000511, "d": 4.17, "l": 0.1244, "energy": 0.08, "Twiss0": [1e-6, 1e-6, 5.01, 5.01, 0.049, 0.049],
 "rMatx": [-4.99463978917189, 3.88552046240868, 0.649670927882251, -0.705618389490075],
 "rMaty":   [3.80011659243585, 5.03291094755727, 0.0496854862803228, 0.328953756398737]}




