{"energy": 0.135, "Twiss0": [1e-06, 1e-06, 1.113081026, 1.113021659, -0.0689403587, -0.07029489754], "m_0": 0.0005110000000000001, "d": 2.26, "l": 0.108}