{"name": "LCLS",  "Lquad": 0.108, "energy": 135.0e6, "Twiss0": [1e-6, 1e-6, 1.113081026, 1.113021659, -6.89403587e-2, -7.029489754e-2], "rMatx": [1, 2.26, 0, 1], "rMaty": [1, 2.26, 0, 1] }
