{"nemitx": 5.284379532974315e-06, "nemity": 1.825571455620308e-05, "nemitx_err": 7.901755246266952e-08, "nemity_err": 5.175425238993883e-07, "nemit": 9.821920604475525e-06, "nemit_err": 3.148066204022364e-07, "bmagx": 1.1065251309938224, "bmagy": 1.2330518687539853, "bmagx_err": 0.016545917461824655, "bmagy_err": 0.03495654877211862, "opt_q_x": -6.159310038354074, "opt_q_y": 0.5065840960371453, "total_points_measured": null, "quadvalsx": [-8.121366223747787, -7.8949751254331275, -7.6685840271184675, -7.4421929288038084, -7.215801830489149, -6.95167888245538, -6.687555934421611, -6.423432986387841, -6.159310038354074, -5.895187090320304, -5.631064142286535], "beamsizesx": [0.0004324848698097067, 0.0004670321327218586, 0.0007926790542609084, 0.0007284799088628362, 0.0005314495409299618, 0.0002684292446358481, 0.0006440222097520461, 0.0003160070985742742, 0.0005839646398496414, 0.00036688523155657183, 0.00043407024872315757], "beamsizeserrx": [6.487273047145601e-06, 7.005481990827879e-06, 1.1890185813913626e-05, 1.0927198632942543e-05, 7.971743113949426e-06, 4.026438669537721e-06, 9.660333146280691e-06, 4.740106478614113e-06, 8.759469597744622e-06, 5.503278473348577e-06, 6.511053730847363e-06], "quadvalsy": [-0.34737195156832823, -0.17368597578416414, 0.0, 0.10131681920742905, 0.2026336384148581, 0.3039504576222871, 0.5065840960371453], "beamsizesy": [0.0006365157761684742, 0.0007598776926293824, 0.0003429533013465418, 0.00039649478854378555, 0.0004111525515088691, 0.000566581737610517, 0.00038233381322367194], "beamsizeserry": [9.547736642527112e-06, 1.1398165389440736e-05, 5.144299520198127e-06, 5.947421828156783e-06, 6.167288272633036e-06, 8.498726064157755e-06, 5.735007198355079e-06], "bmag_emit": 1.1472755360810516e-05, "bmag_emit_err": 5.200321197988808e-07}