{"nemitx": 4.8576800558202654e-08, "nemity": 7.277426760410392e-07, "nemitx_err": 2.1608610720569706e-09, "nemity_err": 1.9511201395971038e-08, "nemit": 1.8801970862581998e-07, "nemit_err": 9.765410651446728e-09, "bmagx": 3.8006353172317535, "bmagy": 2.712932992916634, "bmagx_err": 0.1690651671521885, "bmagy_err": 0.07273530018403526, "bmag_emit": 6.037414712838534e-07, "bmag_emit_err": 4.434586617598507e-08, "opt_q_x": -5.069774920254693, "opt_q_y": 0.0, "total_points_measured": null, "quadvalsx": [-7.594671565277666, -6.797335782638832, -5.999999999999998, -5.069774920254693, -4.139549840509386, -3.2093247607640802, -2.2790996810187734, -1.3488746012734667, -0.4186495215281602], "beamsizesx": [0.00044707472013922765, 0.00011399570640945156, 0.0004815341845203565, 0.00015597917495794529, 6.863178077959313e-05, 0.00041976703519725395, 0.0004752750393040894, 0.0003464193284240506, 0.0002749428822588651], "beamsizeserrx": [6.706120802088415e-06, 1.7099355961417733e-06, 7.2230127678053475e-06, 2.339687624369179e-06, 1.029476711693897e-06, 6.296505527958809e-06, 7.12912558956134e-06, 5.196289926360759e-06, 4.1241432338829764e-06], "quadvalsy": [-0.7113168524029089, -0.5927640436690907, -0.47421123493527256, -0.3556584262014544, -0.23710561746763625, -0.11855280873381814, 0.0, 0.13831161018945448], "beamsizesy": [0.00017790131420957684, 0.00040395101994665684, 0.00042419435070039453, 0.00037459442834926904, 0.0004828569810647782, 0.00010888693438240729, 0.00016883927599397702, 0.0001850471729934926], "beamsizeserry": [2.6685197131436528e-06, 6.0592652991998525e-06, 6.362915260505918e-06, 5.6189164252390355e-06, 7.242854715971672e-06, 1.6333040157361093e-06, 2.532589139909655e-06, 2.775707594902389e-06]}