{"name": "LCLS",  "Lquad": 0.108, "energy": 135.0e6, "Twiss0": [1e-6, 1e-6, 4.68280051, 4.68872767, -1.79636538, -1.79814306], "rMatx": [1, 4.17, 0, 1], "rMaty": [1, 4.17, 0, 1]  }
