{"nemitx": 1.6570630884307603e-07, "nemity": 7.586507519630227e-06, "nemitx_err": 3.028127077318571e-09, "nemity_err": 2.0038044334398221e-07, "nemit": 1.1212190500023467e-06, "nemit_err": 3.6011455509568477e-08, "bmagx": null, "bmagy": null, "bmagx_err": null, "bmagy_err": null, "bmag_emit": null, "bmag_emit_err": null, "opt_q_x": null, "opt_q_y": null, "total_points_measured": null, "quadvalsx": [-5.999999999999998, -5.389933692458655, -4.779867384917311, -4.474834231146639, -4.1698010773759675, -3.864767923605296, -3.559734769834624], "beamsizesx": [0.00018584956125270363, 0.0004226531611067415, 0.000292901696884625, 7.493113647952534e-05, 0.00047957198998165756, 0.00016495825235323143, 0.0001573106971351741], "beamsizeserrx": [2.7877434187905542e-06, 6.339797416601122e-06, 4.393525453269375e-06, 1.1239670471928802e-06, 7.193579849724863e-06, 2.474373785298471e-06, 2.3596604570276116e-06], "quadvalsy": [-6.691558050947271, -6.829869661136727, -6.770593256769818, -6.711316852402908, -6.652040448035999, -6.53348763930218, -6.414934830568361], "beamsizesy": [0.00031301534098261946, 0.0002897419126917812, 0.0005365618401501327, 0.00031301534098261946, 0.00031301534098261946, 0.0005630958759121175, 0.0005768105145620909], "beamsizeserry": [4.695230114739291e-06, 4.346128690376717e-06, 8.04842760225199e-06, 4.695230114739291e-06, 4.695230114739291e-06, 8.446438138681762e-06, 8.652157718431364e-06]}