{"nemitx": 5.295706800972351e-06, "nemity": 1.0664957288929251e-05, "nemitx_err": 1.4870529249541632e-07, "nemity_err": 3.514439359853308e-07, "nemit": 7.515217019292409e-06, "nemit_err": 3.253677653106832e-07, "bmagx": 1.0318425416581143, "bmagy": 1.8375734886284363, "bmagx_err": 0.0289744981610953, "bmagy_err": 0.06055383458465136, "bmag_emit": 1.0348337856588146e-05, "bmag_emit_err": 6.336049992762418e-07, "opt_q_x": -1.456547634275006, "opt_q_y": -4.861994911959471, "total_points_measured": null, "quadvalsx": [-3.1996500729355324, -2.663310861039986, -2.1269716491444393, -1.456547634275006, -0.7861236194055724, -0.11569960453613885, 0.5547244103332944], "beamsizesx": [0.0005041014641621125, 0.00035955070876100126, 0.00023719565058274086, 0.0001382835618047821, 0.00014937627408942192, 0.0002188441126924833, 0.0003076960741989337], "beamsizeserrx": [1.537809260751959e-05, 1.1500114757034394e-05, 7.237538068664259e-06, 4.370933731169906e-06, 4.917860714596596e-06, 6.516745224694362e-06, 9.452708125056912e-06], "quadvalsy": [-5.2158018304891485, -4.861994911959471, -4.508187993429794, -4.154381074900117, -3.8005741563704407], "beamsizesy": [0.00035699543913499744, 0.00018609160781021437, 0.00010955487675237078, 0.0001927763778881659, 0.0003626944033303363], "beamsizeserry": [1.1167724138735713e-05, 5.847343567034706e-06, 3.835265200326393e-06, 5.8556692676733515e-06, 1.1432120745719516e-05]}