{"name": "LCLS2", "m_0": 0.000511, "d": 4.17, "l": 0.1244, "energy": 0.099998694, "Twiss0": [1e-6, 1e-6, 8.48491015, 3.9949157, 1.64580280, -0.33115061], "rMatx": [-2.39043746,  3.18283666,-1.2217363 , 1.20839265],"rMaty": [5.28210229,  8.12113944,-1.30353479, -1.81484326]}
