{"name": "LCLS2", "m_0": 0.000511, "d": 4.17, "l": 0.1244, "energy": 0.08, "Twiss0": [1e-6, 1e-6, 5.01, 5.01, 0.049, 0.049], "rMatx": [-4.4253119 ,5.13116104,-2.00365218,2.09726731],"rMaty": [ 2.96145465,  4.39756326,-1.69886062, -2.18502317]}