{"name": "LCLS", "m_0": 0.000511, "d": 4.17, "l": 0.108, "energy": 0.135, "Twiss0": [1e-6, 1e-6, 4.68280051, 4.68872767, -1.79636538, -1.79814306], "rMat": [1, 4.17, 0, 1] }
