{"energy": 0.135, "Twiss0": [1e-06, 1e-06, 4.16157667, 4.16157699, 1.66328017, 1.66328028], "rMat": [1.1055070102091, 2.74258378560201, -0.213608624301716, 0.374633943250189] }