{"name": "LCLS", "m_0": 0.000511, "d": 2.26, "l": 0.108, "energy": 0.135, "Twiss0": [1e-06, 1e-06, 4.16157667, 4.16157699, 1.66328017, 1.66328028], "rMatx": [1.1055070102091, 2.74258378560201, -0.213608624301716, 0.374633943250189], "rMaty": [1.1055070102091, 2.74258378560201, -0.213608624301716, 0.374633943250189]  }